{"StreamConfig":{},"State":{"Running":true,"Paused":false,"Restarting":false,"OOMKilled":false,"RemovalInProgress":false,"Dead":false,"Pid":2165300,"ExitCode":0,"Error":"","StartedAt":"2024-09-25T17:47:05.182518379Z","FinishedAt":"0001-01-01T00:00:00Z","Health":null},"ID":"526bc4c51697bd6d0cef89b96dca126dd9ec65206bb9f095dcce059ceba06e1d","Created":"2024-09-25T17:47:04.581801469Z","Managed":false,"Path":"python","Args":["main.py"],"Config":{"Hostname":"526bc4c51697","Domainname":"","User":"","AttachStdin":false,"AttachStdout":true,"AttachStderr":true,"ExposedPorts":{"8081/tcp":{}},"Tty":false,"OpenStdin":false,"StdinOnce":false,"Env":["BOT_TOKEN=7740511495:AAHJA7R73jAJdnYcFacRmW4IpALIs5CmsG4","ORGANIZER_TEAM=ORGANIZER","CONNECTION_STRING=postgresql+asyncpg://postgres:root@postgres:5432/chatbot","PATH=/usr/local/bin:/usr/local/sbin:/usr/local/bin:/usr/sbin:/usr/bin:/sbin:/bin","LANG=C.UTF-8","GPG_KEY=A035C8C19219BA821ECEA86B64E628F8D684696D","PYTHON_VERSION=3.11.10"],"Cmd":["python","main.py"],"Image":"chatbot-chatbot","Volumes":null,"WorkingDir":"/code","Entrypoint":null,"OnBuild":null,"Labels":{"com.docker.compose.config-hash":"9491b349092199b41f722923718497ee816a5f57d54d0ec91e9d0cf3653cd0f4","com.docker.compose.container-number":"1","com.docker.compose.depends_on":"postgres:service_started:false","com.docker.compose.image":"sha256:fb90486ee7b8e6ffa099b6f81fce6dd1d0e3d3ff5c2a8db427ec645c16caaf3a","com.docker.compose.oneoff":"False","com.docker.compose.project":"chatbot","com.docker.compose.project.config_files":"/home/bot/psutictf_bot/chatbot/docker-compose.yml","com.docker.compose.project.working_dir":"/home/bot/psutictf_bot/chatbot","com.docker.compose.service":"chatbot","com.docker.compose.version":"2.29.2"}},"Image":"sha256:fb90486ee7b8e6ffa099b6f81fce6dd1d0e3d3ff5c2a8db427ec645c16caaf3a","ImageManifest":null,"NetworkSettings":{"Bridge":"","SandboxID":"0b53185139535f7fb991e64ed034ad1e10165f850ff72cd7d10f4a9f969e4602","SandboxKey":"/var/run/docker/netns/0b5318513953","HairpinMode":false,"LinkLocalIPv6Address":"","LinkLocalIPv6PrefixLen":0,"Networks":{"chatbot_rest":{"IPAMConfig":null,"Links":null,"Aliases":["chatbot","chatbot"],"MacAddress":"02:42:ac:16:00:04","DriverOpts":null,"NetworkID":"24c5288463b7c83c37509d5ec1ede7d9b0bdf9a3cbad4c710eb2cf6ea4c63e98","EndpointID":"a6b384a22228070ca18b94d5d3fa6c8eb22f5ef3affb9b307d66af52244aa283","Gateway":"172.22.0.1","IPAddress":"172.22.0.4","IPPrefixLen":16,"IPv6Gateway":"","GlobalIPv6Address":"","GlobalIPv6PrefixLen":0,"DNSNames":["chatbot","526bc4c51697"],"IPAMOperational":false,"DesiredMacAddress":""}},"Service":null,"Ports":{"8081/tcp":[{"HostIp":"0.0.0.0","HostPort":"8081"},{"HostIp":"::","HostPort":"8081"}]},"SecondaryIPAddresses":null,"SecondaryIPv6Addresses":null,"HasSwarmEndpoint":false},"LogPath":"/var/lib/docker/containers/526bc4c51697bd6d0cef89b96dca126dd9ec65206bb9f095dcce059ceba06e1d/526bc4c51697bd6d0cef89b96dca126dd9ec65206bb9f095dcce059ceba06e1d-json.log","Name":"/chatbot","Driver":"overlay2","OS":"linux","RestartCount":0,"HasBeenStartedBefore":true,"HasBeenManuallyStopped":false,"MountPoints":{},"SecretReferences":null,"ConfigReferences":null,"MountLabel":"","ProcessLabel":"","AppArmorProfile":"docker-default","SeccompProfile":"","NoNewPrivileges":false,"HostnamePath":"/var/lib/docker/containers/526bc4c51697bd6d0cef89b96dca126dd9ec65206bb9f095dcce059ceba06e1d/hostname","HostsPath":"/var/lib/docker/containers/526bc4c51697bd6d0cef89b96dca126dd9ec65206bb9f095dcce059ceba06e1d/hosts","ShmPath":"","ResolvConfPath":"/var/lib/docker/containers/526bc4c51697bd6d0cef89b96dca126dd9ec65206bb9f095dcce059ceba06e1d/resolv.conf","LocalLogCacheMeta":{"HaveNotifyEnabled":false}}
