{"StreamConfig":{},"State":{"Running":true,"Paused":false,"Restarting":false,"OOMKilled":false,"RemovalInProgress":false,"Dead":false,"Pid":2165307,"ExitCode":0,"Error":"","StartedAt":"2024-09-25T17:47:05.185758449Z","FinishedAt":"0001-01-01T00:00:00Z","Health":null},"ID":"8325f456f189d8ea120abce87105ee54fc67b8b9bd893435a471754341c46c16","Created":"2024-09-25T17:47:04.581852141Z","Managed":false,"Path":"/entrypoint.sh","Args":[],"Config":{"Hostname":"8325f456f189","Domainname":"","User":":","AttachStdin":false,"AttachStdout":true,"AttachStderr":true,"ExposedPorts":{"443/tcp":{},"80/tcp":{}},"Tty":false,"OpenStdin":false,"StdinOnce":false,"Env":["PGADMIN_CONFIG_SERVER_MODE=False","PGADMIN_DEFAULT_EMAIL=test@chatbot.ru","PGADMIN_DEFAULT_PASSWORD=root","PATH=/usr/local/sbin:/usr/local/bin:/usr/sbin:/usr/bin:/sbin:/bin","PYTHONPATH=/pgadmin4"],"Cmd":null,"Image":"dpage/pgadmin4:7.2","Volumes":{"/var/lib/pgadmin":{}},"WorkingDir":"/pgadmin4","Entrypoint":["/entrypoint.sh"],"OnBuild":null,"Labels":{"com.docker.compose.config-hash":"f0184ceb845740122a3140be5bf44653e0ecc3808ef2c022e02bb59270cf1f12","com.docker.compose.container-number":"1","com.docker.compose.depends_on":"postgres:service_started:false","com.docker.compose.image":"sha256:cd744691e1fe9c0d7ea75b08fd4b334093391c6aeccc389558d84054c78241df","com.docker.compose.oneoff":"False","com.docker.compose.project":"chatbot","com.docker.compose.project.config_files":"/home/bot/psutictf_bot/chatbot/docker-compose.yml","com.docker.compose.project.working_dir":"/home/bot/psutictf_bot/chatbot","com.docker.compose.service":"pgadmin","com.docker.compose.version":"2.29.2"}},"Image":"sha256:cd744691e1fe9c0d7ea75b08fd4b334093391c6aeccc389558d84054c78241df","ImageManifest":null,"NetworkSettings":{"Bridge":"","SandboxID":"ebf4c8d0a90c122f38be7c53f704ed668f607130254248ad5d746b7ab160300d","SandboxKey":"/var/run/docker/netns/ebf4c8d0a90c","HairpinMode":false,"LinkLocalIPv6Address":"","LinkLocalIPv6PrefixLen":0,"Networks":{"chatbot_rest":{"IPAMConfig":null,"Links":null,"Aliases":["pgadmin_container","pgadmin"],"MacAddress":"02:42:ac:16:00:03","DriverOpts":null,"NetworkID":"24c5288463b7c83c37509d5ec1ede7d9b0bdf9a3cbad4c710eb2cf6ea4c63e98","EndpointID":"0f99f7e9e48561195bf0b00ac6944ac59590cb70c178685743daa4a2abf7f8a3","Gateway":"172.22.0.1","IPAddress":"172.22.0.3","IPPrefixLen":16,"IPv6Gateway":"","GlobalIPv6Address":"","GlobalIPv6PrefixLen":0,"DNSNames":["pgadmin_container","pgadmin","8325f456f189"],"IPAMOperational":false,"DesiredMacAddress":""}},"Service":null,"Ports":{"443/tcp":null,"80/tcp":[{"HostIp":"0.0.0.0","HostPort":"5050"},{"HostIp":"::","HostPort":"5050"}]},"SecondaryIPAddresses":null,"SecondaryIPv6Addresses":null,"HasSwarmEndpoint":false},"LogPath":"/var/lib/docker/containers/8325f456f189d8ea120abce87105ee54fc67b8b9bd893435a471754341c46c16/8325f456f189d8ea120abce87105ee54fc67b8b9bd893435a471754341c46c16-json.log","Name":"/pgadmin_container","Driver":"overlay2","OS":"linux","RestartCount":0,"HasBeenStartedBefore":true,"HasBeenManuallyStopped":false,"MountPoints":{"/var/lib/pgadmin":{"Source":"","Destination":"/var/lib/pgadmin","RW":true,"Name":"22298373ca776c65e0b681f45459e62cef53e6705beb5bbce1d5d731b00123ff","Driver":"local","Type":"volume","ID":"a3628768a4201d0b9d6b461afd47969085b40acbe45f769408dbd7e427d8d0a5","Spec":{},"SkipMountpointCreation":false}},"SecretReferences":null,"ConfigReferences":null,"MountLabel":"","ProcessLabel":"","AppArmorProfile":"docker-default","SeccompProfile":"","NoNewPrivileges":false,"HostnamePath":"/var/lib/docker/containers/8325f456f189d8ea120abce87105ee54fc67b8b9bd893435a471754341c46c16/hostname","HostsPath":"/var/lib/docker/containers/8325f456f189d8ea120abce87105ee54fc67b8b9bd893435a471754341c46c16/hosts","ShmPath":"","ResolvConfPath":"/var/lib/docker/containers/8325f456f189d8ea120abce87105ee54fc67b8b9bd893435a471754341c46c16/resolv.conf","LocalLogCacheMeta":{"HaveNotifyEnabled":false}}
